﻿pos_x,pos_y,rotation,side,designator,mpn,pack,footprint,value,mount_type
48.514,-27.686,0.0,top,C1,,,C_0603_1608Metric,22u,smt
55.626,-34.531,90.0,top,C10,,,C_0603_1608Metric,100n,smt
67.874,-44.2315,-90.0,top,C11,,,C_0603_1608Metric,3p3,smt
69.398,-44.2315,-90.0,top,C12,,,C_0603_1608Metric,3p3,smt
58.222,-33.2965,90.0,top,C13,,,C_0603_1608Metric,1u,smt
65.601,-44.7265,0.0,top,C14,,,C_0603_1608Metric,10n,smt
53.594,-30.239,90.0,top,C2,,,C_0603_1608Metric,22u,smt
64.262,-23.127,90.0,top,C3,,,C_0603_1608Metric,1u,smt
54.013,-37.605,-90.0,top,C4,,,C_0603_1608Metric,1u,smt
60.706,-28.956,0.0,top,C5,,,C_0603_1608Metric,10p,smt
63.233,-31.991,90.0,top,C6,,,C_0603_1608Metric,10p,smt
55.626,-37.605,-90.0,top,C7,,,C_0603_1608Metric,10u,smt
63.536,-61.0635,0.0,top,C8,,,C_0603_1608Metric,100n,smt
65.786,-42.151,90.0,top,C9,,,C_0603_1608Metric,100n,smt
47.9805,-43.447,180.0,top,D1,,,D_0603_1608Metric,D_Zener,smt
54.61,-27.699,0.0,top,D2,,,LED_0603_1608Metric,LED,smt
47.5645,-57.925,180.0,top,D3,,,D_0603_1608Metric,D_Zener,smt
60.27,-61.0765,180.0,top,F1,,,Fuse_0603_1608Metric,Fuse_Small,smt
38.519,-30.48,90.0,top,J1,,,PinHeader_1x03_P2.54mm_Vertical,WEAPON_RECEIVER,tht
38.519,-34.29,90.0,top,J2,,,PinHeader_1x03_P2.54mm_Vertical,LEFT_DRIVE_RECEIVER,tht
38.519,-38.1,90.0,top,J3,,,PinHeader_1x03_P2.54mm_Vertical,RIGHT_DRIVE_RECEIVER,tht
73.152,-31.242,-90.0,top,J4,,,PinHeader_1x03_P2.54mm_Vertical,WEAPON_OUTPUT,tht
73.152,-35.052,-90.0,top,J5,,,PinHeader_1x03_P2.54mm_Vertical,LEFT_DRIVE_OUTPUT,tht
73.152,-38.862,-90.0,top,J6,,,PinHeader_1x03_P2.54mm_Vertical,RIGHT_DRIVE_OUTPUT,tht
62.342,-65.1955,0.0,top,J7,,,USB_Micro-B_Molex-105017-0001,USB_B_Micro,smt
41.656,-58.768,90.0,top,J8,,,JST_EH_B7B-EH-A_1x07_P2.50mm_Vertical,JST_07,tht
73.025,-43.367,-90.0,top,J9,,,U.FL_Molex_MCRF_73412-0110_Vertical,U.FL Antenna,smt
68.636,-41.9325,0.0,top,L1,,,L_0603_1608Metric,2n2,smt
56.714,-50.051,90.0,top,Q1,,,SOT-23,SS8050-G,smt
62.302,-50.0175,90.0,top,Q2,,,SOT-23,SS8050-G,smt
47.244,-41.415,0.0,top,R1,,,R_1206_3216Metric,5M,smt
56.714,-47.1195,180.0,top,R10,,,R_0805_2012Metric,10k,smt
61.286,-47.1195,180.0,top,R11,,,R_0805_2012Metric,10k,smt
64.262,-26.175,90.0,top,R12,,,R_0603_1608Metric,100k,smt
64.654,-47.1195,180.0,top,R13,,,R_0805_2012Metric,100k,smt
57.912,-29.891,90.0,top,R14,,,R_0805_2012Metric,10k,smt
47.9025,-38.621,180.0,top,R2,,,R_0805_2012Metric,500k,smt
47.5645,-56.147,0.0,top,R3,,,R_0603_1608Metric,3M,smt
47.181,-54.115,180.0,top,R4,,,R_1206_3216Metric,5M,smt
51.562,-27.699,180.0,top,R5,,,R_0603_1608Metric,1k,smt
53.92,-50.305,90.0,top,R7,,,R_0805_2012Metric,10k,smt
59.508,-50.051,90.0,top,R8,,,R_0805_2012Metric,10k,smt
65.024,-32.004,-90.0,top,R9,,,R_0805_2012Metric,10k,smt
58.42,-23.127,0.0,top,SW1,,,SW_SPST_B3S-1000,SW_Push,smt
48.26,-23.127,0.0,top,SW2,,,SW_SPST_B3S-1000,SW_Push,smt
49.187,-33.172,-90.0,top,U1,,,SOT-223-3_TabPin2,AMS1117-3.3,smt
60.905,-55.971,90.0,top,U2,,,SOIC-16_3.9x9.9mm_P1.27mm,CH340C,smt
52.235,-41.927,180.0,top,U3,,,InvenSense_QFN-24_4x4mm_P0.5mm,MPU-6050,smt
60.76,-39.01,0.0,top,U4,,,QFN-56-1EP_7x7mm_P0.4mm_EP4x4mm,ESP32-S3,smt
60.794,-31.907,-90.0,top,Y1,,,Crystal_SMD_3225-4Pin_3.2x2.5mm,16MHz,smt
