﻿Designator,Quantity,Value,Footprint,Package,MPN,DNP,Mount_Type,Description
"C1, C2",2,22u,C_0603_1608Metric,,,,smt,Unpolarized capacitor
"C10, C8, C9",3,100n,C_0603_1608Metric,,,,smt,
"C11, C12",2,3p3,C_0603_1608Metric,,,,smt,Unpolarized capacitor
"C13, C3, C4",3,1u,C_0603_1608Metric,,,,smt,
C14,1,10n,C_0603_1608Metric,,,,smt,
"C5, C6",2,10p,C_0603_1608Metric,,,,smt,Unpolarized capacitor
C7,1,10u,C_0603_1608Metric,,,,smt,
"D1, D3",2,D_Zener,D_0603_1608Metric,,,,smt,Zener diode
D2,1,LED,LED_0603_1608Metric,,,,smt,Light emitting diode
F1,1,Fuse_Small,Fuse_0603_1608Metric,,,,smt,"Fuse, small symbol"
J1,1,WEAPON_RECEIVER,PinHeader_1x03_P2.54mm_Vertical,,,,tht,"Generic connector, single row, 01x03, script generated"
J2,1,LEFT_DRIVE_RECEIVER,PinHeader_1x03_P2.54mm_Vertical,,,,tht,"Generic connector, single row, 01x03, script generated"
J3,1,RIGHT_DRIVE_RECEIVER,PinHeader_1x03_P2.54mm_Vertical,,,,tht,"Generic connector, single row, 01x03, script generated"
J4,1,WEAPON_OUTPUT,PinHeader_1x03_P2.54mm_Vertical,,,,tht,"Generic connector, single row, 01x03, script generated"
J5,1,LEFT_DRIVE_OUTPUT,PinHeader_1x03_P2.54mm_Vertical,,,,tht,"Generic connector, single row, 01x03, script generated"
J6,1,RIGHT_DRIVE_OUTPUT,PinHeader_1x03_P2.54mm_Vertical,,,,tht,"Generic connector, single row, 01x03, script generated"
J7,1,USB_B_Micro,USB_Micro-B_Molex-105017-0001,,,,smt,USB Micro Type B connector
J8,1,JST_07,JST_EH_B7B-EH-A_1x07_P2.50mm_Vertical,,,,tht,JST Connector  7 pins
J9,1,U.FL Antenna,U.FL_Molex_MCRF_73412-0110_Vertical,,,,smt,"coaxial connector (BNC, SMA, SMB, SMC, Cinch/RCA, LEMO, ...)"
L1,1,2n2,L_0603_1608Metric,,,,smt,Inductor
"Q1, Q2",2,SS8050-G,SOT-23,,,,smt,
"R1, R4",2,5M,R_1206_3216Metric,,,,smt,Resistor
"R10, R11, R14, R7, R8, R9",6,10k,R_0805_2012Metric,,,,smt,Resistor
R12,1,100k,R_0603_1608Metric,,,,smt,
R13,1,100k,R_0805_2012Metric,,,,smt,
R2,1,500k,R_0805_2012Metric,,,,smt,Resistor
R3,1,3M,R_0603_1608Metric,,,,smt,Resistor
R5,1,1k,R_0603_1608Metric,,,,smt,Resistor
"SW1, SW2",2,SW_Push,SW_SPST_B3S-1000,,,,smt,
U1,1,AMS1117-3.3,SOT-223-3_TabPin2,,,,smt,"1A Low Dropout regulator, positive, 3.3V fixed output, SOT-223"
U2,1,CH340C,SOIC-16_3.9x9.9mm_P1.27mm,,,,smt,"USB serial converter, crystal-less, UART, SOIC-16"
U3,1,MPU-6050,InvenSense_QFN-24_4x4mm_P0.5mm,,,,smt,"InvenSense 6-Axis Motion Sensor, Gyroscope, Accelerometer, I2C"
U4,1,ESP32-S3,QFN-56-1EP_7x7mm_P0.4mm_EP4x4mm,,,,smt,"Microcontroller, Wi-Fi 802.11b/g/n, Bluetooth, 32bit"
Y1,1,16MHz,Crystal_SMD_3225-4Pin_3.2x2.5mm,,,,smt,"Four pin crystal, GND on pins 2 and 4"
